measure,temporal_unit,date,group,rate,value
new,3-monthly,2000-01-01,Adult,binary,30.81000486
new,3-monthly,2000-04-01,Adult,binary,30.81774107
new,3-monthly,2000-07-01,Adult,binary,30.88353826
new,3-monthly,2000-10-01,Adult,binary,31.08030995
new,3-monthly,2001-01-01,Adult,binary,
new,3-monthly,2001-04-01,Adult,binary,
new,3-monthly,2001-07-01,Adult,binary,
new,3-monthly,2001-10-01,Adult,binary,
new,3-monthly,2002-01-01,Adult,binary,32.41124489
new,3-monthly,2002-04-01,Adult,binary,32.3914049
new,3-monthly,2002-07-01,Adult,binary,32.87331148
new,3-monthly,2002-10-01,Adult,binary,32.61085743
new,3-monthly,2003-01-01,Adult,binary,31.85743931
new,3-monthly,2003-04-01,Adult,binary,32.22660178
new,3-monthly,2003-07-01,Adult,binary,31.60237582
new,3-monthly,2003-10-01,Adult,binary,31.0080282
new,3-monthly,2004-01-01,Adult,binary,30.3177884
new,3-monthly,2004-04-01,Adult,binary,30.02796447
new,3-monthly,2004-07-01,Adult,binary,29.74695664
new,3-monthly,2004-10-01,Adult,binary,29.79449468
new,3-monthly,2005-01-01,Adult,binary,29.46439762
new,3-monthly,2005-04-01,Adult,binary,29.09887523
new,3-monthly,2005-07-01,Adult,binary,29.13838322
new,3-monthly,2005-10-01,Adult,binary,29.09274091
new,3-monthly,2006-01-01,Adult,binary,28.53249527
new,3-monthly,2006-04-01,Adult,binary,28.6232222
new,3-monthly,2006-07-01,Adult,binary,28.59612449
new,3-monthly,2006-10-01,Adult,binary,28.89799799
new,3-monthly,2007-01-01,Adult,binary,28.66382268
new,3-monthly,2007-04-01,Adult,binary,28.86660445
new,3-monthly,2007-07-01,Adult,binary,29.04061328
new,3-monthly,2007-10-01,Adult,binary,29.75291959
new,3-monthly,2008-01-01,Adult,binary,29.49017898
new,3-monthly,2008-04-01,Adult,binary,29.98765964
new,3-monthly,2008-07-01,Adult,binary,30.22917595
new,3-monthly,2008-10-01,Adult,binary,30.26606341
new,3-monthly,2009-01-01,Adult,binary,29.7809734
new,3-monthly,2009-04-01,Adult,binary,29.33512919
new,3-monthly,2009-07-01,Adult,binary,29.46367021
new,3-monthly,2009-10-01,Adult,binary,29.30527072
new,3-monthly,2010-01-01,Adult,binary,29.54856791
new,3-monthly,2010-04-01,Adult,binary,29.70795633
new,3-monthly,2010-07-01,Adult,binary,29.96869774
new,3-monthly,2010-10-01,Adult,binary,30.09835356
new,3-monthly,2011-01-01,Adult,binary,30.19249357
new,3-monthly,2011-04-01,Adult,binary,30.39815686
new,3-monthly,2011-07-01,Adult,binary,30.3381881
new,3-monthly,2011-10-01,Adult,binary,29.70888015
new,3-monthly,2012-01-01,Adult,binary,29.60206202
new,3-monthly,2012-04-01,Adult,binary,29.61733739
new,3-monthly,2012-07-01,Adult,binary,29.73464839
new,3-monthly,2012-10-01,Adult,binary,29.68398831
new,3-monthly,2013-01-01,Adult,binary,30.11198855
new,3-monthly,2013-04-01,Adult,binary,30.6237083
new,3-monthly,2013-07-01,Adult,binary,30.44218178
new,3-monthly,2013-10-01,Adult,binary,29.53315615
new,3-monthly,2014-01-01,Adult,binary,29.39630047
new,3-monthly,2000-01-01,Adult,adjusted,32.6366538
new,3-monthly,2000-04-01,Adult,adjusted,32.61099829
new,3-monthly,2000-07-01,Adult,adjusted,32.59126099
new,3-monthly,2000-10-01,Adult,adjusted,32.86429382
new,3-monthly,2001-01-01,Adult,adjusted,
new,3-monthly,2001-04-01,Adult,adjusted,
new,3-monthly,2001-07-01,Adult,adjusted,
new,3-monthly,2001-10-01,Adult,adjusted,
new,3-monthly,2002-01-01,Adult,adjusted,33.62279304
new,3-monthly,2002-04-01,Adult,adjusted,33.60848478
new,3-monthly,2002-07-01,Adult,adjusted,33.74356916
new,3-monthly,2002-10-01,Adult,adjusted,33.7380463
new,3-monthly,2003-01-01,Adult,adjusted,33.0834378
new,3-monthly,2003-04-01,Adult,adjusted,33.34327486
new,3-monthly,2003-07-01,Adult,adjusted,32.76496583
new,3-monthly,2003-10-01,Adult,adjusted,32.2488584
new,3-monthly,2004-01-01,Adult,adjusted,31.58830959
new,3-monthly,2004-04-01,Adult,adjusted,31.39433734
new,3-monthly,2004-07-01,Adult,adjusted,31.50892158
new,3-monthly,2004-10-01,Adult,adjusted,31.84966399
new,3-monthly,2005-01-01,Adult,adjusted,31.92543528
new,3-monthly,2005-04-01,Adult,adjusted,31.82140874
new,3-monthly,2005-07-01,Adult,adjusted,31.91165581
new,3-monthly,2005-10-01,Adult,adjusted,31.87391043
new,3-monthly,2006-01-01,Adult,adjusted,31.52562276
new,3-monthly,2006-04-01,Adult,adjusted,31.73886682
new,3-monthly,2006-07-01,Adult,adjusted,31.7019306
new,3-monthly,2006-10-01,Adult,adjusted,31.8948565
new,3-monthly,2007-01-01,Adult,adjusted,31.74960031
new,3-monthly,2007-04-01,Adult,adjusted,31.8029102
new,3-monthly,2007-07-01,Adult,adjusted,31.7492067
new,3-monthly,2007-10-01,Adult,adjusted,32.02123938
new,3-monthly,2008-01-01,Adult,adjusted,31.79408663
new,3-monthly,2008-04-01,Adult,adjusted,31.88309646
new,3-monthly,2008-07-01,Adult,adjusted,31.61133236
new,3-monthly,2008-10-01,Adult,adjusted,31.35000366
new,3-monthly,2009-01-01,Adult,adjusted,31.01388144
new,3-monthly,2009-04-01,Adult,adjusted,30.61243958
new,3-monthly,2009-07-01,Adult,adjusted,30.46202864
new,3-monthly,2009-10-01,Adult,adjusted,30.40162143
new,3-monthly,2010-01-01,Adult,adjusted,30.64030655
new,3-monthly,2010-04-01,Adult,adjusted,30.63393856
new,3-monthly,2010-07-01,Adult,adjusted,30.55060483
new,3-monthly,2010-10-01,Adult,adjusted,30.50645765
new,3-monthly,2011-01-01,Adult,adjusted,30.56318648
new,3-monthly,2011-04-01,Adult,adjusted,30.37978279
new,3-monthly,2011-07-01,Adult,adjusted,30.09735931
new,3-monthly,2011-10-01,Adult,adjusted,29.59031456
new,3-monthly,2012-01-01,Adult,adjusted,29.04583325
new,3-monthly,2012-04-01,Adult,adjusted,29.191255
new,3-monthly,2012-07-01,Adult,adjusted,29.40552418
new,3-monthly,2012-10-01,Adult,adjusted,29.42413249
new,3-monthly,2013-01-01,Adult,adjusted,29.49176253
new,3-monthly,2013-04-01,Adult,adjusted,29.83271036
new,3-monthly,2013-07-01,Adult,adjusted,29.85049535
new,3-monthly,2013-10-01,Adult,adjusted,29.15428618
new,3-monthly,2014-01-01,Adult,adjusted,28.9243993
new,3-monthly,2000-01-01,Adult,OGRS4,31.90226867
new,3-monthly,2000-04-01,Adult,OGRS4,31.9356604
new,3-monthly,2000-07-01,Adult,OGRS4,32.02119488
new,3-monthly,2000-10-01,Adult,OGRS4,31.94493375
new,3-monthly,2001-01-01,Adult,OGRS4,
new,3-monthly,2001-04-01,Adult,OGRS4,
new,3-monthly,2001-07-01,Adult,OGRS4,
new,3-monthly,2001-10-01,Adult,OGRS4,
new,3-monthly,2002-01-01,Adult,OGRS4,32.51736947
new,3-monthly,2002-04-01,Adult,OGRS4,32.51183774
new,3-monthly,2002-07-01,Adult,OGRS4,32.85865994
new,3-monthly,2002-10-01,Adult,OGRS4,32.60172875
new,3-monthly,2003-01-01,Adult,OGRS4,32.50291913
new,3-monthly,2003-04-01,Adult,OGRS4,32.61224453
new,3-monthly,2003-07-01,Adult,OGRS4,32.56632761
new,3-monthly,2003-10-01,Adult,OGRS4,32.48808742
new,3-monthly,2004-01-01,Adult,OGRS4,32.45839643
new,3-monthly,2004-04-01,Adult,OGRS4,32.36254476
new,3-monthly,2004-07-01,Adult,OGRS4,31.96695268
new,3-monthly,2004-10-01,Adult,OGRS4,31.67374831
new,3-monthly,2005-01-01,Adult,OGRS4,31.26787996
new,3-monthly,2005-04-01,Adult,OGRS4,31.00638411
new,3-monthly,2005-07-01,Adult,OGRS4,30.95564503
new,3-monthly,2005-10-01,Adult,OGRS4,30.94774811
new,3-monthly,2006-01-01,Adult,OGRS4,30.73579013
new,3-monthly,2006-04-01,Adult,OGRS4,30.613273
new,3-monthly,2006-07-01,Adult,OGRS4,30.62311151
new,3-monthly,2006-10-01,Adult,OGRS4,30.7320591
new,3-monthly,2007-01-01,Adult,OGRS4,30.64313999
new,3-monthly,2007-04-01,Adult,OGRS4,30.79261187
new,3-monthly,2007-07-01,Adult,OGRS4,31.0203242
new,3-monthly,2007-10-01,Adult,OGRS4,31.46059783
new,3-monthly,2008-01-01,Adult,OGRS4,31.42500997
new,3-monthly,2008-04-01,Adult,OGRS4,31.8334808
new,3-monthly,2008-07-01,Adult,OGRS4,32.34676121
new,3-monthly,2008-10-01,Adult,OGRS4,32.64497737
new,3-monthly,2009-01-01,Adult,OGRS4,32.49600958
new,3-monthly,2009-04-01,Adult,OGRS4,32.45160723
new,3-monthly,2009-07-01,Adult,OGRS4,32.73055919
new,3-monthly,2009-10-01,Adult,OGRS4,32.63256691
new,3-monthly,2010-01-01,Adult,OGRS4,32.63717898
new,3-monthly,2010-04-01,Adult,OGRS4,32.80293539
new,3-monthly,2010-07-01,Adult,OGRS4,33.14701053
new,3-monthly,2010-10-01,Adult,OGRS4,33.32081353
new,3-monthly,2011-01-01,Adult,OGRS4,33.35822471
new,3-monthly,2011-04-01,Adult,OGRS4,33.74729169
new,3-monthly,2011-07-01,Adult,OGRS4,33.96974641
new,3-monthly,2011-10-01,Adult,OGRS4,33.84748322
new,3-monthly,2012-01-01,Adult,OGRS4,34.28514638
new,3-monthly,2012-04-01,Adult,OGRS4,34.15500001
new,3-monthly,2012-07-01,Adult,OGRS4,34.05804183
new,3-monthly,2012-10-01,Adult,OGRS4,33.98877344
new,3-monthly,2013-01-01,Adult,OGRS4,34.34914363
new,3-monthly,2013-04-01,Adult,OGRS4,34.51991556
new,3-monthly,2013-07-01,Adult,OGRS4,34.32060405
new,3-monthly,2013-10-01,Adult,OGRS4,34.10778758
new,3-monthly,2014-01-01,Adult,OGRS4,34.20081879
new,3-monthly,2000-01-01,Adult,frequency,3.730170711
new,3-monthly,2000-04-01,Adult,frequency,3.780030765
new,3-monthly,2000-07-01,Adult,frequency,3.822340325
new,3-monthly,2000-10-01,Adult,frequency,3.899236604
new,3-monthly,2001-01-01,Adult,frequency,
new,3-monthly,2001-04-01,Adult,frequency,
new,3-monthly,2001-07-01,Adult,frequency,
new,3-monthly,2001-10-01,Adult,frequency,
new,3-monthly,2002-01-01,Adult,frequency,4.008712614
new,3-monthly,2002-04-01,Adult,frequency,4.015210524
new,3-monthly,2002-07-01,Adult,frequency,4.004469181
new,3-monthly,2002-10-01,Adult,frequency,3.980210343
new,3-monthly,2003-01-01,Adult,frequency,3.901381364
new,3-monthly,2003-04-01,Adult,frequency,3.86125845
new,3-monthly,2003-07-01,Adult,frequency,3.76118114
new,3-monthly,2003-10-01,Adult,frequency,3.688120364
new,3-monthly,2004-01-01,Adult,frequency,3.664387064
new,3-monthly,2004-04-01,Adult,frequency,3.62129423
new,3-monthly,2004-07-01,Adult,frequency,3.593962663
new,3-monthly,2004-10-01,Adult,frequency,3.564607195
new,3-monthly,2005-01-01,Adult,frequency,3.528819568
new,3-monthly,2005-04-01,Adult,frequency,3.457683491
new,3-monthly,2005-07-01,Adult,frequency,3.375623208
new,3-monthly,2005-10-01,Adult,frequency,3.32703156
new,3-monthly,2006-01-01,Adult,frequency,3.284786163
new,3-monthly,2006-04-01,Adult,frequency,3.288960827
new,3-monthly,2006-07-01,Adult,frequency,3.287750815
new,3-monthly,2006-10-01,Adult,frequency,3.281045054
new,3-monthly,2007-01-01,Adult,frequency,3.270742267
new,3-monthly,2007-04-01,Adult,frequency,3.277233228
new,3-monthly,2007-07-01,Adult,frequency,3.300590606
new,3-monthly,2007-10-01,Adult,frequency,3.334893592
new,3-monthly,2008-01-01,Adult,frequency,3.339321756
new,3-monthly,2008-04-01,Adult,frequency,3.329900764
new,3-monthly,2008-07-01,Adult,frequency,3.283308761
new,3-monthly,2008-10-01,Adult,frequency,3.244235611
new,3-monthly,2009-01-01,Adult,frequency,3.167768924
new,3-monthly,2009-04-01,Adult,frequency,3.157219626
new,3-monthly,2009-07-01,Adult,frequency,3.149701939
new,3-monthly,2009-10-01,Adult,frequency,3.202287575
new,3-monthly,2010-01-01,Adult,frequency,3.228547732
new,3-monthly,2010-04-01,Adult,frequency,3.270519174
new,3-monthly,2010-07-01,Adult,frequency,3.272652944
new,3-monthly,2010-10-01,Adult,frequency,3.302107332
new,3-monthly,2011-01-01,Adult,frequency,3.297978741
new,3-monthly,2011-04-01,Adult,frequency,3.322679818
new,3-monthly,2011-07-01,Adult,frequency,3.313241952
new,3-monthly,2011-10-01,Adult,frequency,3.340792896
new,3-monthly,2012-01-01,Adult,frequency,3.33298534
new,3-monthly,2012-04-01,Adult,frequency,3.421796767
new,3-monthly,2012-07-01,Adult,frequency,3.432995599
new,3-monthly,2012-10-01,Adult,frequency,3.499830672
new,3-monthly,2013-01-01,Adult,frequency,3.515308103
new,3-monthly,2013-04-01,Adult,frequency,3.579792234
new,3-monthly,2013-07-01,Adult,frequency,3.542779989
new,3-monthly,2013-10-01,Adult,frequency,3.574886573
new,3-monthly,2014-01-01,Adult,frequency,3.617666841
new,3-monthly,2000-01-01,Adult,reoffences,168033
new,3-monthly,2000-04-01,Adult,reoffences,162186
new,3-monthly,2000-07-01,Adult,reoffences,161104
new,3-monthly,2000-10-01,Adult,reoffences,161405
new,3-monthly,2001-01-01,Adult,reoffences,
new,3-monthly,2001-04-01,Adult,reoffences,
new,3-monthly,2001-07-01,Adult,reoffences,
new,3-monthly,2001-10-01,Adult,reoffences,
new,3-monthly,2002-01-01,Adult,reoffences,184962
new,3-monthly,2002-04-01,Adult,reoffences,185575
new,3-monthly,2002-07-01,Adult,reoffences,193540
new,3-monthly,2002-10-01,Adult,reoffences,191874
new,3-monthly,2003-01-01,Adult,reoffences,188663
new,3-monthly,2003-04-01,Adult,reoffences,185630
new,3-monthly,2003-07-01,Adult,reoffences,182910
new,3-monthly,2003-10-01,Adult,reoffences,176495
new,3-monthly,2004-01-01,Adult,reoffences,171999
new,3-monthly,2004-04-01,Adult,reoffences,159040
new,3-monthly,2004-07-01,Adult,reoffences,156323
new,3-monthly,2004-10-01,Adult,reoffences,154679
new,3-monthly,2005-01-01,Adult,reoffences,149322
new,3-monthly,2005-04-01,Adult,reoffences,153860
new,3-monthly,2005-07-01,Adult,reoffences,153017
new,3-monthly,2005-10-01,Adult,reoffences,152754
new,3-monthly,2006-01-01,Adult,reoffences,152690
new,3-monthly,2006-04-01,Adult,reoffences,151381
new,3-monthly,2006-07-01,Adult,reoffences,153367
new,3-monthly,2006-10-01,Adult,reoffences,153589
new,3-monthly,2007-01-01,Adult,reoffences,157133
new,3-monthly,2007-04-01,Adult,reoffences,159149
new,3-monthly,2007-07-01,Adult,reoffences,165419
new,3-monthly,2007-10-01,Adult,reoffences,168142
new,3-monthly,2008-01-01,Adult,reoffences,167103
new,3-monthly,2008-04-01,Adult,reoffences,169119
new,3-monthly,2008-07-01,Adult,reoffences,169248
new,3-monthly,2008-10-01,Adult,reoffences,163636
new,3-monthly,2009-01-01,Adult,reoffences,159022
new,3-monthly,2009-04-01,Adult,reoffences,153343
new,3-monthly,2009-07-01,Adult,reoffences,154811
new,3-monthly,2009-10-01,Adult,reoffences,151465
new,3-monthly,2010-01-01,Adult,reoffences,151816
new,3-monthly,2010-04-01,Adult,reoffences,153770
new,3-monthly,2010-07-01,Adult,reoffences,160108
new,3-monthly,2010-10-01,Adult,reoffences,156226
new,3-monthly,2011-01-01,Adult,reoffences,157617
new,3-monthly,2011-04-01,Adult,reoffences,155631
new,3-monthly,2011-07-01,Adult,reoffences,158807
new,3-monthly,2011-10-01,Adult,reoffences,148986
new,3-monthly,2012-01-01,Adult,reoffences,150051
new,3-monthly,2012-04-01,Adult,reoffences,143517
new,3-monthly,2012-07-01,Adult,reoffences,149761
new,3-monthly,2012-10-01,Adult,reoffences,144683
new,3-monthly,2013-01-01,Adult,reoffences,144901
new,3-monthly,2013-04-01,Adult,reoffences,148522
new,3-monthly,2013-07-01,Adult,reoffences,149562
new,3-monthly,2013-10-01,Adult,reoffences,143403
new,3-monthly,2014-01-01,Adult,reoffences,145224
new,3-monthly,2000-01-01,Adult,reoffenders,45047
new,3-monthly,2000-04-01,Adult,reoffenders,42906
new,3-monthly,2000-07-01,Adult,reoffenders,42148
new,3-monthly,2000-10-01,Adult,reoffenders,41394
new,3-monthly,2001-01-01,Adult,reoffenders,
new,3-monthly,2001-04-01,Adult,reoffenders,
new,3-monthly,2001-07-01,Adult,reoffenders,
new,3-monthly,2001-10-01,Adult,reoffenders,
new,3-monthly,2002-01-01,Adult,reoffenders,46140
new,3-monthly,2002-04-01,Adult,reoffenders,46218
new,3-monthly,2002-07-01,Adult,reoffenders,48331
new,3-monthly,2002-10-01,Adult,reoffenders,48207
new,3-monthly,2003-01-01,Adult,reoffenders,48358
new,3-monthly,2003-04-01,Adult,reoffenders,48075
new,3-monthly,2003-07-01,Adult,reoffenders,48631
new,3-monthly,2003-10-01,Adult,reoffenders,47855
new,3-monthly,2004-01-01,Adult,reoffenders,46938
new,3-monthly,2004-04-01,Adult,reoffenders,43918
new,3-monthly,2004-07-01,Adult,reoffenders,43496
new,3-monthly,2004-10-01,Adult,reoffenders,43393
new,3-monthly,2005-01-01,Adult,reoffenders,42315
new,3-monthly,2005-04-01,Adult,reoffenders,44498
new,3-monthly,2005-07-01,Adult,reoffenders,45330
new,3-monthly,2005-10-01,Adult,reoffenders,45913
new,3-monthly,2006-01-01,Adult,reoffenders,46484
new,3-monthly,2006-04-01,Adult,reoffenders,46027
new,3-monthly,2006-07-01,Adult,reoffenders,46648
new,3-monthly,2006-10-01,Adult,reoffenders,46811
new,3-monthly,2007-01-01,Adult,reoffenders,48042
new,3-monthly,2007-04-01,Adult,reoffenders,48562
new,3-monthly,2007-07-01,Adult,reoffenders,50118
new,3-monthly,2007-10-01,Adult,reoffenders,50419
new,3-monthly,2008-01-01,Adult,reoffenders,50041
new,3-monthly,2008-04-01,Adult,reoffenders,50788
new,3-monthly,2008-07-01,Adult,reoffenders,51548
new,3-monthly,2008-10-01,Adult,reoffenders,50439
new,3-monthly,2009-01-01,Adult,reoffenders,50200
new,3-monthly,2009-04-01,Adult,reoffenders,48569
new,3-monthly,2009-07-01,Adult,reoffenders,49151
new,3-monthly,2009-10-01,Adult,reoffenders,47299
new,3-monthly,2010-01-01,Adult,reoffenders,47023
new,3-monthly,2010-04-01,Adult,reoffenders,47017
new,3-monthly,2010-07-01,Adult,reoffenders,48923
new,3-monthly,2010-10-01,Adult,reoffenders,47311
new,3-monthly,2011-01-01,Adult,reoffenders,47792
new,3-monthly,2011-04-01,Adult,reoffenders,46839
new,3-monthly,2011-07-01,Adult,reoffenders,47931
new,3-monthly,2011-10-01,Adult,reoffenders,44596
new,3-monthly,2012-01-01,Adult,reoffenders,45020
new,3-monthly,2012-04-01,Adult,reoffenders,41942
new,3-monthly,2012-07-01,Adult,reoffenders,43624
new,3-monthly,2012-10-01,Adult,reoffenders,41340
new,3-monthly,2013-01-01,Adult,reoffenders,41220
new,3-monthly,2013-04-01,Adult,reoffenders,41489
new,3-monthly,2013-07-01,Adult,reoffenders,42216
new,3-monthly,2013-10-01,Adult,reoffenders,40114
new,3-monthly,2014-01-01,Adult,reoffenders,40143
new,3-monthly,2000-01-01,Adult,cohort,146209
new,3-monthly,2000-04-01,Adult,cohort,139225
new,3-monthly,2000-07-01,Adult,cohort,136474
new,3-monthly,2000-10-01,Adult,cohort,133184
new,3-monthly,2001-01-01,Adult,cohort,
new,3-monthly,2001-04-01,Adult,cohort,
new,3-monthly,2001-07-01,Adult,cohort,
new,3-monthly,2001-10-01,Adult,cohort,
new,3-monthly,2002-01-01,Adult,cohort,142358
new,3-monthly,2002-04-01,Adult,cohort,142686
new,3-monthly,2002-07-01,Adult,cohort,147022
new,3-monthly,2002-10-01,Adult,cohort,147825
new,3-monthly,2003-01-01,Adult,cohort,151795
new,3-monthly,2003-04-01,Adult,cohort,149178
new,3-monthly,2003-07-01,Adult,cohort,153884
new,3-monthly,2003-10-01,Adult,cohort,154331
new,3-monthly,2004-01-01,Adult,cohort,154820
new,3-monthly,2004-04-01,Adult,cohort,146257
new,3-monthly,2004-07-01,Adult,cohort,146220
new,3-monthly,2004-10-01,Adult,cohort,145641
new,3-monthly,2005-01-01,Adult,cohort,143614
new,3-monthly,2005-04-01,Adult,cohort,152920
new,3-monthly,2005-07-01,Adult,cohort,155568
new,3-monthly,2005-10-01,Adult,cohort,157816
new,3-monthly,2006-01-01,Adult,cohort,162916
new,3-monthly,2006-04-01,Adult,cohort,160803
new,3-monthly,2006-07-01,Adult,cohort,163127
new,3-monthly,2006-10-01,Adult,cohort,161987
new,3-monthly,2007-01-01,Adult,cohort,167605
new,3-monthly,2007-04-01,Adult,cohort,168229
new,3-monthly,2007-07-01,Adult,cohort,172579
new,3-monthly,2007-10-01,Adult,cohort,169459
new,3-monthly,2008-01-01,Adult,cohort,169687
new,3-monthly,2008-04-01,Adult,cohort,169363
new,3-monthly,2008-07-01,Adult,cohort,170524
new,3-monthly,2008-10-01,Adult,cohort,166652
new,3-monthly,2009-01-01,Adult,cohort,168564
new,3-monthly,2009-04-01,Adult,cohort,165566
new,3-monthly,2009-07-01,Adult,cohort,166819
new,3-monthly,2009-10-01,Adult,cohort,161401
new,3-monthly,2010-01-01,Adult,cohort,159138
new,3-monthly,2010-04-01,Adult,cohort,158264
new,3-monthly,2010-07-01,Adult,cohort,163247
new,3-monthly,2010-10-01,Adult,cohort,157188
new,3-monthly,2011-01-01,Adult,cohort,158291
new,3-monthly,2011-04-01,Adult,cohort,154085
new,3-monthly,2011-07-01,Adult,cohort,157989
new,3-monthly,2011-10-01,Adult,cohort,150110
new,3-monthly,2012-01-01,Adult,cohort,152084
new,3-monthly,2012-04-01,Adult,cohort,141613
new,3-monthly,2012-07-01,Adult,cohort,146711
new,3-monthly,2012-10-01,Adult,cohort,139267
new,3-monthly,2013-01-01,Adult,cohort,136889
new,3-monthly,2013-04-01,Adult,cohort,135480
new,3-monthly,2013-07-01,Adult,cohort,138676
new,3-monthly,2013-10-01,Adult,cohort,135827
new,3-monthly,2014-01-01,Adult,cohort,136558
new,3-monthly,2000-01-01,Juvenile,binary,40.25133008
new,3-monthly,2000-04-01,Juvenile,binary,37.53163964
new,3-monthly,2000-07-01,Juvenile,binary,37.84703521
new,3-monthly,2000-10-01,Juvenile,binary,38.23077685
new,3-monthly,2001-01-01,Juvenile,binary,
new,3-monthly,2001-04-01,Juvenile,binary,
new,3-monthly,2001-07-01,Juvenile,binary,
new,3-monthly,2001-10-01,Juvenile,binary,
new,3-monthly,2002-01-01,Juvenile,binary,38.56600467
new,3-monthly,2002-04-01,Juvenile,binary,37.23628942
new,3-monthly,2002-07-01,Juvenile,binary,38.86048395
new,3-monthly,2002-10-01,Juvenile,binary,38.84389272
new,3-monthly,2003-01-01,Juvenile,binary,39.22141
new,3-monthly,2003-04-01,Juvenile,binary,38.8403705
new,3-monthly,2003-07-01,Juvenile,binary,39.32680329
new,3-monthly,2003-10-01,Juvenile,binary,39.18368325
new,3-monthly,2004-01-01,Juvenile,binary,38.74372535
new,3-monthly,2004-04-01,Juvenile,binary,37.69509414
new,3-monthly,2004-07-01,Juvenile,binary,38.16318559
new,3-monthly,2004-10-01,Juvenile,binary,38.98468076
new,3-monthly,2005-01-01,Juvenile,binary,38.62943942
new,3-monthly,2005-04-01,Juvenile,binary,37.42783709
new,3-monthly,2005-07-01,Juvenile,binary,38.37658866
new,3-monthly,2005-10-01,Juvenile,binary,38.34426628
new,3-monthly,2006-01-01,Juvenile,binary,38.98161757
new,3-monthly,2006-04-01,Juvenile,binary,37.88370834
new,3-monthly,2006-07-01,Juvenile,binary,38.63395729
new,3-monthly,2006-10-01,Juvenile,binary,38.15449817
new,3-monthly,2007-01-01,Juvenile,binary,37.87776528
new,3-monthly,2007-04-01,Juvenile,binary,36.44654494
new,3-monthly,2007-07-01,Juvenile,binary,36.66952756
new,3-monthly,2007-10-01,Juvenile,binary,37.65011151
new,3-monthly,2008-01-01,Juvenile,binary,37.65315533
new,3-monthly,2008-04-01,Juvenile,binary,37.46126677
new,3-monthly,2008-07-01,Juvenile,binary,37.74027846
new,3-monthly,2008-10-01,Juvenile,binary,37.96490178
new,3-monthly,2009-01-01,Juvenile,binary,37.24730282
new,3-monthly,2009-04-01,Juvenile,binary,36.32788243
new,3-monthly,2009-07-01,Juvenile,binary,37.68986906
new,3-monthly,2009-10-01,Juvenile,binary,39.41349709
new,3-monthly,2010-01-01,Juvenile,binary,40.08228232
new,3-monthly,2010-04-01,Juvenile,binary,39.97728563
new,3-monthly,2010-07-01,Juvenile,binary,40.19614662
new,3-monthly,2010-10-01,Juvenile,binary,41.41928409
new,3-monthly,2011-01-01,Juvenile,binary,42.14044029
new,3-monthly,2011-04-01,Juvenile,binary,41.04209771
new,3-monthly,2011-07-01,Juvenile,binary,39.99233945
new,3-monthly,2011-10-01,Juvenile,binary,39.92768847
new,3-monthly,2012-01-01,Juvenile,binary,40.70093705
new,3-monthly,2012-04-01,Juvenile,binary,40.34349605
new,3-monthly,2012-07-01,Juvenile,binary,39.84266543
new,3-monthly,2012-10-01,Juvenile,binary,41.1741683
new,3-monthly,2013-01-01,Juvenile,binary,43.13862493
new,3-monthly,2013-04-01,Juvenile,binary,42.93684445
new,3-monthly,2013-07-01,Juvenile,binary,42.57352941
new,3-monthly,2013-10-01,Juvenile,binary,42.63308352
new,3-monthly,2014-01-01,Juvenile,binary,43.53542732
new,3-monthly,2000-01-01,Juvenile,frequency,3.775478469
new,3-monthly,2000-04-01,Juvenile,frequency,3.670975397
new,3-monthly,2000-07-01,Juvenile,frequency,3.669254156
new,3-monthly,2000-10-01,Juvenile,frequency,3.724356898
new,3-monthly,2001-01-01,Juvenile,frequency,
new,3-monthly,2001-04-01,Juvenile,frequency,
new,3-monthly,2001-07-01,Juvenile,frequency,
new,3-monthly,2001-10-01,Juvenile,frequency,
new,3-monthly,2002-01-01,Juvenile,frequency,3.705162186
new,3-monthly,2002-04-01,Juvenile,frequency,3.690395768
new,3-monthly,2002-07-01,Juvenile,frequency,3.735361167
new,3-monthly,2002-10-01,Juvenile,frequency,3.630269568
new,3-monthly,2003-01-01,Juvenile,frequency,3.664832072
new,3-monthly,2003-04-01,Juvenile,frequency,3.578914767
new,3-monthly,2003-07-01,Juvenile,frequency,3.551677019
new,3-monthly,2003-10-01,Juvenile,frequency,3.537892226
new,3-monthly,2004-01-01,Juvenile,frequency,3.45283128
new,3-monthly,2004-04-01,Juvenile,frequency,3.412326492
new,3-monthly,2004-07-01,Juvenile,frequency,3.412125956
new,3-monthly,2004-10-01,Juvenile,frequency,3.328419
new,3-monthly,2005-01-01,Juvenile,frequency,3.275590108
new,3-monthly,2005-04-01,Juvenile,frequency,3.236437589
new,3-monthly,2005-07-01,Juvenile,frequency,3.270242752
new,3-monthly,2005-10-01,Juvenile,frequency,3.185701463
new,3-monthly,2006-01-01,Juvenile,frequency,3.199473168
new,3-monthly,2006-04-01,Juvenile,frequency,3.17802837
new,3-monthly,2006-07-01,Juvenile,frequency,3.231707948
new,3-monthly,2006-10-01,Juvenile,frequency,3.126729274
new,3-monthly,2007-01-01,Juvenile,frequency,3.104434765
new,3-monthly,2007-04-01,Juvenile,frequency,3.036267855
new,3-monthly,2007-07-01,Juvenile,frequency,3.036384914
new,3-monthly,2007-10-01,Juvenile,frequency,3.074841943
new,3-monthly,2008-01-01,Juvenile,frequency,3.074994168
new,3-monthly,2008-04-01,Juvenile,frequency,3.044886627
new,3-monthly,2008-07-01,Juvenile,frequency,3.058446757
new,3-monthly,2008-10-01,Juvenile,frequency,3.048325673
new,3-monthly,2009-01-01,Juvenile,frequency,3.029597863
new,3-monthly,2009-04-01,Juvenile,frequency,2.996723647
new,3-monthly,2009-07-01,Juvenile,frequency,3.063926273
new,3-monthly,2009-10-01,Juvenile,frequency,3.142686804
new,3-monthly,2010-01-01,Juvenile,frequency,3.191906445
new,3-monthly,2010-04-01,Juvenile,frequency,3.157169118
new,3-monthly,2010-07-01,Juvenile,frequency,3.188354387
new,3-monthly,2010-10-01,Juvenile,frequency,3.189485628
new,3-monthly,2011-01-01,Juvenile,frequency,3.177240285
new,3-monthly,2011-04-01,Juvenile,frequency,3.13600823
new,3-monthly,2011-07-01,Juvenile,frequency,3.106416942
new,3-monthly,2011-10-01,Juvenile,frequency,3.120166422
new,3-monthly,2012-01-01,Juvenile,frequency,3.199791883
new,3-monthly,2012-04-01,Juvenile,frequency,3.165857143
new,3-monthly,2012-07-01,Juvenile,frequency,3.260017422
new,3-monthly,2012-10-01,Juvenile,frequency,3.270120406
new,3-monthly,2013-01-01,Juvenile,frequency,3.301425332
new,3-monthly,2013-04-01,Juvenile,frequency,3.357588358
new,3-monthly,2013-07-01,Juvenile,frequency,3.37029361
new,3-monthly,2013-10-01,Juvenile,frequency,3.460130482
new,3-monthly,2014-01-01,Juvenile,frequency,3.461595824
new,3-monthly,2000-01-01,Juvenile,reoffences,63126
new,3-monthly,2000-04-01,Juvenile,reoffences,58787
new,3-monthly,2000-07-01,Juvenile,reoffences,56723
new,3-monthly,2000-10-01,Juvenile,reoffences,57478
new,3-monthly,2001-01-01,Juvenile,reoffences,
new,3-monthly,2001-04-01,Juvenile,reoffences,
new,3-monthly,2001-07-01,Juvenile,reoffences,
new,3-monthly,2001-10-01,Juvenile,reoffences,
new,3-monthly,2002-01-01,Juvenile,reoffences,58712
new,3-monthly,2002-04-01,Juvenile,reoffences,57906
new,3-monthly,2002-07-01,Juvenile,reoffences,57349
new,3-monthly,2002-10-01,Juvenile,reoffences,55888
new,3-monthly,2003-01-01,Juvenile,reoffences,58597
new,3-monthly,2003-04-01,Juvenile,reoffences,57778
new,3-monthly,2003-07-01,Juvenile,reoffences,57182
new,3-monthly,2003-10-01,Juvenile,reoffences,57841
new,3-monthly,2004-01-01,Juvenile,reoffences,59696
new,3-monthly,2004-04-01,Juvenile,reoffences,57525
new,3-monthly,2004-07-01,Juvenile,reoffences,56672
new,3-monthly,2004-10-01,Juvenile,reoffences,58021
new,3-monthly,2005-01-01,Juvenile,reoffences,58145
new,3-monthly,2005-04-01,Juvenile,reoffences,61269
new,3-monthly,2005-07-01,Juvenile,reoffences,61026
new,3-monthly,2005-10-01,Juvenile,reoffences,60334
new,3-monthly,2006-01-01,Juvenile,reoffences,61945
new,3-monthly,2006-04-01,Juvenile,reoffences,62283
new,3-monthly,2006-07-01,Juvenile,reoffences,62498
new,3-monthly,2006-10-01,Juvenile,reoffences,61928
new,3-monthly,2007-01-01,Juvenile,reoffences,62722
new,3-monthly,2007-04-01,Juvenile,reoffences,59942
new,3-monthly,2007-07-01,Juvenile,reoffences,57081
new,3-monthly,2007-10-01,Juvenile,reoffences,53985
new,3-monthly,2008-01-01,Juvenile,reoffences,52730
new,3-monthly,2008-04-01,Juvenile,reoffences,52640
new,3-monthly,2008-07-01,Juvenile,reoffences,49660
new,3-monthly,2008-10-01,Juvenile,reoffences,46426
new,3-monthly,2009-01-01,Juvenile,reoffences,43093
new,3-monthly,2009-04-01,Juvenile,reoffences,42074
new,3-monthly,2009-07-01,Juvenile,reoffences,41890
new,3-monthly,2009-10-01,Juvenile,reoffences,39535
new,3-monthly,2010-01-01,Juvenile,reoffences,37939
new,3-monthly,2010-04-01,Juvenile,reoffences,37785
new,3-monthly,2010-07-01,Juvenile,reoffences,36851
new,3-monthly,2010-10-01,Juvenile,reoffences,33732
new,3-monthly,2011-01-01,Juvenile,reoffences,32052
new,3-monthly,2011-04-01,Juvenile,reoffences,30482
new,3-monthly,2011-07-01,Juvenile,reoffences,29191
new,3-monthly,2011-10-01,Juvenile,reoffences,25498
new,3-monthly,2012-01-01,Juvenile,reoffences,24600
new,3-monthly,2012-04-01,Juvenile,reoffences,22161
new,3-monthly,2012-07-01,Juvenile,reoffences,22455
new,3-monthly,2012-10-01,Juvenile,reoffences,20641
new,3-monthly,2013-01-01,Juvenile,reoffences,20383
new,3-monthly,2013-04-01,Juvenile,reoffences,19380
new,3-monthly,2013-07-01,Juvenile,reoffences,19514
new,3-monthly,2013-10-01,Juvenile,reoffences,19093
new,3-monthly,2014-01-01,Juvenile,reoffences,18568
new,3-monthly,2000-01-01,Juvenile,reoffenders,16720
new,3-monthly,2000-04-01,Juvenile,reoffenders,16014
new,3-monthly,2000-07-01,Juvenile,reoffenders,15459
new,3-monthly,2000-10-01,Juvenile,reoffenders,15433
new,3-monthly,2001-01-01,Juvenile,reoffenders,
new,3-monthly,2001-04-01,Juvenile,reoffenders,
new,3-monthly,2001-07-01,Juvenile,reoffenders,
new,3-monthly,2001-10-01,Juvenile,reoffenders,
new,3-monthly,2002-01-01,Juvenile,reoffenders,15846
new,3-monthly,2002-04-01,Juvenile,reoffenders,15691
new,3-monthly,2002-07-01,Juvenile,reoffenders,15353
new,3-monthly,2002-10-01,Juvenile,reoffenders,15395
new,3-monthly,2003-01-01,Juvenile,reoffenders,15989
new,3-monthly,2003-04-01,Juvenile,reoffenders,16144
new,3-monthly,2003-07-01,Juvenile,reoffenders,16100
new,3-monthly,2003-10-01,Juvenile,reoffenders,16349
new,3-monthly,2004-01-01,Juvenile,reoffenders,17289
new,3-monthly,2004-04-01,Juvenile,reoffenders,16858
new,3-monthly,2004-07-01,Juvenile,reoffenders,16609
new,3-monthly,2004-10-01,Juvenile,reoffenders,17432
new,3-monthly,2005-01-01,Juvenile,reoffenders,17751
new,3-monthly,2005-04-01,Juvenile,reoffenders,18931
new,3-monthly,2005-07-01,Juvenile,reoffenders,18661
new,3-monthly,2005-10-01,Juvenile,reoffenders,18939
new,3-monthly,2006-01-01,Juvenile,reoffenders,19361
new,3-monthly,2006-04-01,Juvenile,reoffenders,19598
new,3-monthly,2006-07-01,Juvenile,reoffenders,19339
new,3-monthly,2006-10-01,Juvenile,reoffenders,19806
new,3-monthly,2007-01-01,Juvenile,reoffenders,20204
new,3-monthly,2007-04-01,Juvenile,reoffenders,19742
new,3-monthly,2007-07-01,Juvenile,reoffenders,18799
new,3-monthly,2007-10-01,Juvenile,reoffenders,17557
new,3-monthly,2008-01-01,Juvenile,reoffenders,17148
new,3-monthly,2008-04-01,Juvenile,reoffenders,17288
new,3-monthly,2008-07-01,Juvenile,reoffenders,16237
new,3-monthly,2008-10-01,Juvenile,reoffenders,15230
new,3-monthly,2009-01-01,Juvenile,reoffenders,14224
new,3-monthly,2009-04-01,Juvenile,reoffenders,14040
new,3-monthly,2009-07-01,Juvenile,reoffenders,13672
new,3-monthly,2009-10-01,Juvenile,reoffenders,12580
new,3-monthly,2010-01-01,Juvenile,reoffenders,11886
new,3-monthly,2010-04-01,Juvenile,reoffenders,11968
new,3-monthly,2010-07-01,Juvenile,reoffenders,11558
new,3-monthly,2010-10-01,Juvenile,reoffenders,10576
new,3-monthly,2011-01-01,Juvenile,reoffenders,10088
new,3-monthly,2011-04-01,Juvenile,reoffenders,9720
new,3-monthly,2011-07-01,Juvenile,reoffenders,9397
new,3-monthly,2011-10-01,Juvenile,reoffenders,8172
new,3-monthly,2012-01-01,Juvenile,reoffenders,7688
new,3-monthly,2012-04-01,Juvenile,reoffenders,7000
new,3-monthly,2012-07-01,Juvenile,reoffenders,6888
new,3-monthly,2012-10-01,Juvenile,reoffenders,6312
new,3-monthly,2013-01-01,Juvenile,reoffenders,6174
new,3-monthly,2013-04-01,Juvenile,reoffenders,5772
new,3-monthly,2013-07-01,Juvenile,reoffenders,5790
new,3-monthly,2013-10-01,Juvenile,reoffenders,5518
new,3-monthly,2014-01-01,Juvenile,reoffenders,5364
new,3-monthly,2000-01-01,Juvenile,cohort,41539
new,3-monthly,2000-04-01,Juvenile,cohort,42668
new,3-monthly,2000-07-01,Juvenile,cohort,40846
new,3-monthly,2000-10-01,Juvenile,cohort,40368
new,3-monthly,2001-01-01,Juvenile,cohort,
new,3-monthly,2001-04-01,Juvenile,cohort,
new,3-monthly,2001-07-01,Juvenile,cohort,
new,3-monthly,2001-10-01,Juvenile,cohort,
new,3-monthly,2002-01-01,Juvenile,cohort,41088
new,3-monthly,2002-04-01,Juvenile,cohort,42139
new,3-monthly,2002-07-01,Juvenile,cohort,39508
new,3-monthly,2002-10-01,Juvenile,cohort,39633
new,3-monthly,2003-01-01,Juvenile,cohort,40766
new,3-monthly,2003-04-01,Juvenile,cohort,41565
new,3-monthly,2003-07-01,Juvenile,cohort,40939
new,3-monthly,2003-10-01,Juvenile,cohort,41724
new,3-monthly,2004-01-01,Juvenile,cohort,44624
new,3-monthly,2004-04-01,Juvenile,cohort,44722
new,3-monthly,2004-07-01,Juvenile,cohort,43521
new,3-monthly,2004-10-01,Juvenile,cohort,44715
new,3-monthly,2005-01-01,Juvenile,cohort,45952
new,3-monthly,2005-04-01,Juvenile,cohort,50580
new,3-monthly,2005-07-01,Juvenile,cohort,48626
new,3-monthly,2005-10-01,Juvenile,cohort,49392
new,3-monthly,2006-01-01,Juvenile,cohort,49667
new,3-monthly,2006-04-01,Juvenile,cohort,51732
new,3-monthly,2006-07-01,Juvenile,cohort,50057
new,3-monthly,2006-10-01,Juvenile,cohort,51910
new,3-monthly,2007-01-01,Juvenile,cohort,53340
new,3-monthly,2007-04-01,Juvenile,cohort,54167
new,3-monthly,2007-07-01,Juvenile,cohort,51266
new,3-monthly,2007-10-01,Juvenile,cohort,46632
new,3-monthly,2008-01-01,Juvenile,cohort,45542
new,3-monthly,2008-04-01,Juvenile,cohort,46149
new,3-monthly,2008-07-01,Juvenile,cohort,43023
new,3-monthly,2008-10-01,Juvenile,cohort,40116
new,3-monthly,2009-01-01,Juvenile,cohort,38188
new,3-monthly,2009-04-01,Juvenile,cohort,38648
new,3-monthly,2009-07-01,Juvenile,cohort,36275
new,3-monthly,2009-10-01,Juvenile,cohort,31918
new,3-monthly,2010-01-01,Juvenile,cohort,29654
new,3-monthly,2010-04-01,Juvenile,cohort,29937
new,3-monthly,2010-07-01,Juvenile,cohort,28754
new,3-monthly,2010-10-01,Juvenile,cohort,25534
new,3-monthly,2011-01-01,Juvenile,cohort,23939
new,3-monthly,2011-04-01,Juvenile,cohort,23683
new,3-monthly,2011-07-01,Juvenile,cohort,23497
new,3-monthly,2011-10-01,Juvenile,cohort,20467
new,3-monthly,2012-01-01,Juvenile,cohort,18889
new,3-monthly,2012-04-01,Juvenile,cohort,17351
new,3-monthly,2012-07-01,Juvenile,cohort,17288
new,3-monthly,2012-10-01,Juvenile,cohort,15330
new,3-monthly,2013-01-01,Juvenile,cohort,14312
new,3-monthly,2013-04-01,Juvenile,cohort,13443
new,3-monthly,2013-07-01,Juvenile,cohort,13600
new,3-monthly,2013-10-01,Juvenile,cohort,12943
new,3-monthly,2014-01-01,Juvenile,cohort,12321
new,3-monthly,2000-01-01,All,binary,32.89888574
new,3-monthly,2000-04-01,All,binary,32.39267042
new,3-monthly,2000-07-01,All,binary,32.48759305
new,3-monthly,2000-10-01,All,binary,32.74350051
new,3-monthly,2001-01-01,All,binary,
new,3-monthly,2001-04-01,All,binary,
new,3-monthly,2001-07-01,All,binary,
new,3-monthly,2001-10-01,All,binary,
new,3-monthly,2002-01-01,All,binary,33.7897801
new,3-monthly,2002-04-01,All,binary,33.49600974
new,3-monthly,2002-07-01,All,binary,34.14142497
new,3-monthly,2002-10-01,All,binary,33.92866669
new,3-monthly,2003-01-01,All,binary,33.41642389
new,3-monthly,2003-04-01,All,binary,33.66781481
new,3-monthly,2003-07-01,All,binary,33.22554319
new,3-monthly,2003-10-01,All,binary,32.74795338
new,3-monthly,2004-01-01,All,binary,32.20302441
new,3-monthly,2004-04-01,All,binary,31.8233942
new,3-monthly,2004-07-01,All,binary,31.67739181
new,3-monthly,2004-10-01,All,binary,31.95328752
new,3-monthly,2005-01-01,All,binary,31.68606185
new,3-monthly,2005-04-01,All,binary,31.16904177
new,3-monthly,2005-07-01,All,binary,31.33833511
new,3-monthly,2005-10-01,All,binary,31.29801938
new,3-monthly,2006-01-01,All,binary,30.97378436
new,3-monthly,2006-04-01,All,binary,30.87726727
new,3-monthly,2006-07-01,All,binary,30.9530734
new,3-monthly,2006-10-01,All,binary,31.14442933
new,3-monthly,2007-01-01,All,binary,30.8882301
new,3-monthly,2007-04-01,All,binary,30.7127826
new,3-monthly,2007-07-01,All,binary,30.78782193
new,3-monthly,2007-10-01,All,binary,31.4571176
new,3-monthly,2008-01-01,All,binary,31.21744746
new,3-monthly,2008-04-01,All,binary,31.58803222
new,3-monthly,2008-07-01,All,binary,31.74242673
new,3-monthly,2008-10-01,All,binary,31.75975006
new,3-monthly,2009-01-01,All,binary,31.16003715
new,3-monthly,2009-04-01,All,binary,30.65852488
new,3-monthly,2009-07-01,All,binary,30.932967
new,3-monthly,2009-10-01,All,binary,30.97419291
new,3-monthly,2010-01-01,All,binary,31.20312301
new,3-monthly,2010-04-01,All,binary,31.34149128
new,3-monthly,2010-07-01,All,binary,31.50035677
new,3-monthly,2010-10-01,All,binary,31.6803669
new,3-monthly,2011-01-01,All,binary,31.76205894
new,3-monthly,2011-04-01,All,binary,31.81618739
new,3-monthly,2011-07-01,All,binary,31.58811148
new,3-monthly,2011-10-01,All,binary,30.93500296
new,3-monthly,2012-01-01,All,binary,30.82825943
new,3-monthly,2012-04-01,All,binary,30.78810297
new,3-monthly,2012-07-01,All,binary,30.80018781
new,3-monthly,2012-10-01,All,binary,30.82336656
new,3-monthly,2013-01-01,All,binary,31.34503079
new,3-monthly,2013-04-01,All,binary,31.73519201
new,3-monthly,2013-07-01,All,binary,31.52565079
new,3-monthly,2013-10-01,All,binary,30.67285071
new,3-monthly,2014-01-01,All,binary,30.56643314
new,3-monthly,2000-01-01,All,frequency,3.742435281
new,3-monthly,2000-04-01,All,frequency,3.75039036
new,3-monthly,2000-07-01,All,frequency,3.781259222
new,3-monthly,2000-10-01,All,frequency,3.851743009
new,3-monthly,2001-01-01,All,frequency,
new,3-monthly,2001-04-01,All,frequency,
new,3-monthly,2001-07-01,All,frequency,
new,3-monthly,2001-10-01,All,frequency,
new,3-monthly,2002-01-01,All,frequency,3.931113477
new,3-monthly,2002-04-01,All,frequency,3.932885364
new,3-monthly,2002-07-01,All,frequency,3.939592362
new,3-monthly,2002-10-01,All,frequency,3.895506431
new,3-monthly,2003-01-01,All,frequency,3.842603385
new,3-monthly,2003-04-01,All,frequency,3.790280135
new,3-monthly,2003-07-01,All,frequency,3.709072933
new,3-monthly,2003-10-01,All,frequency,3.649866052
new,3-monthly,2004-01-01,All,frequency,3.607439239
new,3-monthly,2004-04-01,All,frequency,3.56333092
new,3-monthly,2004-07-01,All,frequency,3.543715165
new,3-monthly,2004-10-01,All,frequency,3.496917386
new,3-monthly,2005-01-01,All,frequency,3.453983951
new,3-monthly,2005-04-01,All,frequency,3.391650507
new,3-monthly,2005-07-01,All,frequency,3.34489225
new,3-monthly,2005-10-01,All,frequency,3.285758342
new,3-monthly,2006-01-01,All,frequency,3.259700813
new,3-monthly,2006-04-01,All,frequency,3.255832381
new,3-monthly,2006-07-01,All,frequency,3.27132617
new,3-monthly,2006-10-01,All,frequency,3.235165198
new,3-monthly,2007-01-01,All,frequency,3.221507488
new,3-monthly,2007-04-01,All,frequency,3.207586671
new,3-monthly,2007-07-01,All,frequency,3.228521265
new,3-monthly,2007-10-01,All,frequency,3.267726845
new,3-monthly,2008-01-01,All,frequency,3.271859977
new,3-monthly,2008-04-01,All,frequency,3.257521006
new,3-monthly,2008-07-01,All,frequency,3.229446043
new,3-monthly,2008-10-01,All,frequency,3.198800043
new,3-monthly,2009-01-01,All,frequency,3.137262511
new,3-monthly,2009-04-01,All,frequency,3.121228577
new,3-monthly,2009-07-01,All,frequency,3.131034812
new,3-monthly,2009-10-01,All,frequency,3.189766028
new,3-monthly,2010-01-01,All,frequency,3.221154662
new,3-monthly,2010-04-01,All,frequency,3.247520556
new,3-monthly,2010-07-01,All,frequency,3.256543377
new,3-monthly,2010-10-01,All,frequency,3.281531259
new,3-monthly,2011-01-01,All,frequency,3.276935038
new,3-monthly,2011-04-01,All,frequency,3.290599197
new,3-monthly,2011-07-01,All,frequency,3.279339939
new,3-monthly,2011-10-01,All,frequency,3.306625227
new,3-monthly,2012-01-01,All,frequency,3.313557714
new,3-monthly,2012-04-01,All,frequency,3.385190634
new,3-monthly,2012-07-01,All,frequency,3.409407666
new,3-monthly,2012-10-01,All,frequency,3.469403173
new,3-monthly,2013-01-01,All,frequency,3.487445668
new,3-monthly,2013-04-01,All,frequency,3.552654408
new,3-monthly,2013-07-01,All,frequency,3.52197642
new,3-monthly,2013-10-01,All,frequency,3.561009818
new,3-monthly,2014-01-01,All,frequency,3.599270442
new,3-monthly,2000-01-01,All,reoffences,231159
new,3-monthly,2000-04-01,All,reoffences,220973
new,3-monthly,2000-07-01,All,reoffences,217827
new,3-monthly,2000-10-01,All,reoffences,218883
new,3-monthly,2001-01-01,All,reoffences,
new,3-monthly,2001-04-01,All,reoffences,
new,3-monthly,2001-07-01,All,reoffences,
new,3-monthly,2001-10-01,All,reoffences,
new,3-monthly,2002-01-01,All,reoffences,243674
new,3-monthly,2002-04-01,All,reoffences,243481
new,3-monthly,2002-07-01,All,reoffences,250889
new,3-monthly,2002-10-01,All,reoffences,247762
new,3-monthly,2003-01-01,All,reoffences,247260
new,3-monthly,2003-04-01,All,reoffences,243408
new,3-monthly,2003-07-01,All,reoffences,240092
new,3-monthly,2003-10-01,All,reoffences,234336
new,3-monthly,2004-01-01,All,reoffences,231695
new,3-monthly,2004-04-01,All,reoffences,216565
new,3-monthly,2004-07-01,All,reoffences,212995
new,3-monthly,2004-10-01,All,reoffences,212700
new,3-monthly,2005-01-01,All,reoffences,207467
new,3-monthly,2005-04-01,All,reoffences,215129
new,3-monthly,2005-07-01,All,reoffences,214043
new,3-monthly,2005-10-01,All,reoffences,213088
new,3-monthly,2006-01-01,All,reoffences,214635
new,3-monthly,2006-04-01,All,reoffences,213664
new,3-monthly,2006-07-01,All,reoffences,215865
new,3-monthly,2006-10-01,All,reoffences,215517
new,3-monthly,2007-01-01,All,reoffences,219855
new,3-monthly,2007-04-01,All,reoffences,219091
new,3-monthly,2007-07-01,All,reoffences,222500
new,3-monthly,2007-10-01,All,reoffences,222127
new,3-monthly,2008-01-01,All,reoffences,219833
new,3-monthly,2008-04-01,All,reoffences,221759
new,3-monthly,2008-07-01,All,reoffences,218908
new,3-monthly,2008-10-01,All,reoffences,210062
new,3-monthly,2009-01-01,All,reoffences,202115
new,3-monthly,2009-04-01,All,reoffences,195417
new,3-monthly,2009-07-01,All,reoffences,196701
new,3-monthly,2009-10-01,All,reoffences,191000
new,3-monthly,2010-01-01,All,reoffences,189755
new,3-monthly,2010-04-01,All,reoffences,191555
new,3-monthly,2010-07-01,All,reoffences,196959
new,3-monthly,2010-10-01,All,reoffences,189958
new,3-monthly,2011-01-01,All,reoffences,189669
new,3-monthly,2011-04-01,All,reoffences,186113
new,3-monthly,2011-07-01,All,reoffences,187998
new,3-monthly,2011-10-01,All,reoffences,174484
new,3-monthly,2012-01-01,All,reoffences,174651
new,3-monthly,2012-04-01,All,reoffences,165678
new,3-monthly,2012-07-01,All,reoffences,172216
new,3-monthly,2012-10-01,All,reoffences,165324
new,3-monthly,2013-01-01,All,reoffences,165284
new,3-monthly,2013-04-01,All,reoffences,167902
new,3-monthly,2013-07-01,All,reoffences,169076
new,3-monthly,2013-10-01,All,reoffences,162496
new,3-monthly,2014-01-01,All,reoffences,163792
new,3-monthly,2000-01-01,All,reoffenders,61767
new,3-monthly,2000-04-01,All,reoffenders,58920
new,3-monthly,2000-07-01,All,reoffenders,57607
new,3-monthly,2000-10-01,All,reoffenders,56827
new,3-monthly,2001-01-01,All,reoffenders,
new,3-monthly,2001-04-01,All,reoffenders,
new,3-monthly,2001-07-01,All,reoffenders,
new,3-monthly,2001-10-01,All,reoffenders,
new,3-monthly,2002-01-01,All,reoffenders,61986
new,3-monthly,2002-04-01,All,reoffenders,61909
new,3-monthly,2002-07-01,All,reoffenders,63684
new,3-monthly,2002-10-01,All,reoffenders,63602
new,3-monthly,2003-01-01,All,reoffenders,64347
new,3-monthly,2003-04-01,All,reoffenders,64219
new,3-monthly,2003-07-01,All,reoffenders,64731
new,3-monthly,2003-10-01,All,reoffenders,64204
new,3-monthly,2004-01-01,All,reoffenders,64227
new,3-monthly,2004-04-01,All,reoffenders,60776
new,3-monthly,2004-07-01,All,reoffenders,60105
new,3-monthly,2004-10-01,All,reoffenders,60825
new,3-monthly,2005-01-01,All,reoffenders,60066
new,3-monthly,2005-04-01,All,reoffenders,63429
new,3-monthly,2005-07-01,All,reoffenders,63991
new,3-monthly,2005-10-01,All,reoffenders,64852
new,3-monthly,2006-01-01,All,reoffenders,65845
new,3-monthly,2006-04-01,All,reoffenders,65625
new,3-monthly,2006-07-01,All,reoffenders,65987
new,3-monthly,2006-10-01,All,reoffenders,66617
new,3-monthly,2007-01-01,All,reoffenders,68246
new,3-monthly,2007-04-01,All,reoffenders,68304
new,3-monthly,2007-07-01,All,reoffenders,68917
new,3-monthly,2007-10-01,All,reoffenders,67976
new,3-monthly,2008-01-01,All,reoffenders,67189
new,3-monthly,2008-04-01,All,reoffenders,68076
new,3-monthly,2008-07-01,All,reoffenders,67785
new,3-monthly,2008-10-01,All,reoffenders,65669
new,3-monthly,2009-01-01,All,reoffenders,64424
new,3-monthly,2009-04-01,All,reoffenders,62609
new,3-monthly,2009-07-01,All,reoffenders,62823
new,3-monthly,2009-10-01,All,reoffenders,59879
new,3-monthly,2010-01-01,All,reoffenders,58909
new,3-monthly,2010-04-01,All,reoffenders,58985
new,3-monthly,2010-07-01,All,reoffenders,60481
new,3-monthly,2010-10-01,All,reoffenders,57887
new,3-monthly,2011-01-01,All,reoffenders,57880
new,3-monthly,2011-04-01,All,reoffenders,56559
new,3-monthly,2011-07-01,All,reoffenders,57328
new,3-monthly,2011-10-01,All,reoffenders,52768
new,3-monthly,2012-01-01,All,reoffenders,52708
new,3-monthly,2012-04-01,All,reoffenders,48942
new,3-monthly,2012-07-01,All,reoffenders,50512
new,3-monthly,2012-10-01,All,reoffenders,47652
new,3-monthly,2013-01-01,All,reoffenders,47394
new,3-monthly,2013-04-01,All,reoffenders,47261
new,3-monthly,2013-07-01,All,reoffenders,48006
new,3-monthly,2013-10-01,All,reoffenders,45632
new,3-monthly,2014-01-01,All,reoffenders,45507
new,3-monthly,2000-01-01,All,cohort,187748
new,3-monthly,2000-04-01,All,cohort,181893
new,3-monthly,2000-07-01,All,cohort,177320
new,3-monthly,2000-10-01,All,cohort,173552
new,3-monthly,2001-01-01,All,cohort,
new,3-monthly,2001-04-01,All,cohort,
new,3-monthly,2001-07-01,All,cohort,
new,3-monthly,2001-10-01,All,cohort,
new,3-monthly,2002-01-01,All,cohort,183446
new,3-monthly,2002-04-01,All,cohort,184825
new,3-monthly,2002-07-01,All,cohort,186530
new,3-monthly,2002-10-01,All,cohort,187458
new,3-monthly,2003-01-01,All,cohort,192561
new,3-monthly,2003-04-01,All,cohort,190743
new,3-monthly,2003-07-01,All,cohort,194823
new,3-monthly,2003-10-01,All,cohort,196055
new,3-monthly,2004-01-01,All,cohort,199444
new,3-monthly,2004-04-01,All,cohort,190979
new,3-monthly,2004-07-01,All,cohort,189741
new,3-monthly,2004-10-01,All,cohort,190356
new,3-monthly,2005-01-01,All,cohort,189566
new,3-monthly,2005-04-01,All,cohort,203500
new,3-monthly,2005-07-01,All,cohort,204194
new,3-monthly,2005-10-01,All,cohort,207208
new,3-monthly,2006-01-01,All,cohort,212583
new,3-monthly,2006-04-01,All,cohort,212535
new,3-monthly,2006-07-01,All,cohort,213184
new,3-monthly,2006-10-01,All,cohort,213897
new,3-monthly,2007-01-01,All,cohort,220945
new,3-monthly,2007-04-01,All,cohort,222396
new,3-monthly,2007-07-01,All,cohort,223845
new,3-monthly,2007-10-01,All,cohort,216091
new,3-monthly,2008-01-01,All,cohort,215229
new,3-monthly,2008-04-01,All,cohort,215512
new,3-monthly,2008-07-01,All,cohort,213547
new,3-monthly,2008-10-01,All,cohort,206768
new,3-monthly,2009-01-01,All,cohort,206752
new,3-monthly,2009-04-01,All,cohort,204214
new,3-monthly,2009-07-01,All,cohort,203094
new,3-monthly,2009-10-01,All,cohort,193319
new,3-monthly,2010-01-01,All,cohort,188792
new,3-monthly,2010-04-01,All,cohort,188201
new,3-monthly,2010-07-01,All,cohort,192001
new,3-monthly,2010-10-01,All,cohort,182722
new,3-monthly,2011-01-01,All,cohort,182230
new,3-monthly,2011-04-01,All,cohort,177768
new,3-monthly,2011-07-01,All,cohort,181486
new,3-monthly,2011-10-01,All,cohort,170577
new,3-monthly,2012-01-01,All,cohort,170973
new,3-monthly,2012-04-01,All,cohort,158964
new,3-monthly,2012-07-01,All,cohort,163999
new,3-monthly,2012-10-01,All,cohort,154597
new,3-monthly,2013-01-01,All,cohort,151201
new,3-monthly,2013-04-01,All,cohort,148923
new,3-monthly,2013-07-01,All,cohort,152276
new,3-monthly,2013-10-01,All,cohort,148770
new,3-monthly,2014-01-01,All,cohort,148879
new,annual,2002-04-01,Adult,binary,32.42913963
new,annual,2003-04-01,Adult,binary,31.27979968
new,annual,2004-04-01,Adult,binary,29.75975191
new,annual,2005-04-01,Adult,binary,28.96045898
new,annual,2006-04-01,Adult,binary,28.6949789
new,annual,2007-04-01,Adult,binary,29.28727532
new,annual,2008-04-01,Adult,binary,30.06578255
new,annual,2009-04-01,Adult,binary,29.41261158
new,annual,2010-04-01,Adult,binary,29.99152263
new,annual,2011-04-01,Adult,binary,30.01719119
new,annual,2012-04-01,Adult,binary,29.78422619
new,annual,2013-04-01,Adult,binary,29.99994511
new,annual,2002-04-01,Adult,adjusted,33.53944564
new,annual,2003-04-01,Adult,adjusted,32.47821872
new,annual,2004-04-01,Adult,adjusted,31.66824669
new,annual,2005-04-01,Adult,adjusted,31.7803053
new,annual,2006-04-01,Adult,adjusted,31.77106465
new,annual,2007-04-01,Adult,adjusted,31.84149002
new,annual,2008-04-01,Adult,adjusted,31.46582436
new,annual,2009-04-01,Adult,adjusted,30.52868869
new,annual,2010-04-01,Adult,adjusted,30.56354206
new,annual,2011-04-01,Adult,adjusted,29.78395286
new,annual,2012-04-01,Adult,adjusted,29.37727394
new,annual,2013-04-01,Adult,adjusted,29.44167088
new,annual,2002-04-01,Adult,OGRS4,32.61861161
new,annual,2003-04-01,Adult,OGRS4,32.53049858
new,annual,2004-04-01,Adult,OGRS4,31.82042284
new,annual,2005-04-01,Adult,OGRS4,30.9090713
new,annual,2006-04-01,Adult,OGRS4,30.65283186
new,annual,2007-04-01,Adult,OGRS4,31.17470291
new,annual,2008-04-01,Adult,OGRS4,32.32887581
new,annual,2009-04-01,Adult,OGRS4,32.61284051
new,annual,2010-04-01,Adult,OGRS4,33.15689819
new,annual,2011-04-01,Adult,OGRS4,33.96215596
new,annual,2012-04-01,Adult,OGRS4,34.13586987
new,annual,2013-04-01,Adult,OGRS4,34.28719185
new,annual,2002-04-01,Adult,frequency,3.974863171
new,annual,2003-04-01,Adult,frequency,3.744322425
new,annual,2004-04-01,Adult,frequency,3.577615785
new,annual,2005-04-01,Adult,frequency,3.360246947
new,annual,2006-04-01,Adult,frequency,3.282016552
new,annual,2007-04-01,Adult,frequency,3.313312243
new,annual,2008-04-01,Adult,frequency,3.256681857
new,annual,2009-04-01,Adult,frequency,3.183860822
new,annual,2010-04-01,Adult,frequency,3.285757657
new,annual,2011-04-01,Adult,frequency,3.327123534
new,annual,2012-04-01,Adult,frequency,3.466816554
new,annual,2013-04-01,Adult,frequency,3.578335224
new,annual,2002-04-01,Adult,reoffences,759652
new,annual,2003-04-01,Adult,reoffences,717034
new,annual,2004-04-01,Adult,reoffences,619364
new,annual,2005-04-01,Adult,reoffences,612321
new,annual,2006-04-01,Adult,reoffences,615470
new,annual,2007-04-01,Adult,reoffences,659813
new,annual,2008-04-01,Adult,reoffences,661025
new,annual,2009-04-01,Adult,reoffences,611435
new,annual,2010-04-01,Adult,reoffences,627721
new,annual,2011-04-01,Adult,reoffences,613475
new,annual,2012-04-01,Adult,reoffences,582862
new,annual,2013-04-01,Adult,reoffences,586711
new,annual,2002-04-01,Adult,reoffenders,191114
new,annual,2003-04-01,Adult,reoffenders,191499
new,annual,2004-04-01,Adult,reoffenders,173122
new,annual,2005-04-01,Adult,reoffenders,182225
new,annual,2006-04-01,Adult,reoffenders,187528
new,annual,2007-04-01,Adult,reoffenders,199140
new,annual,2008-04-01,Adult,reoffenders,202975
new,annual,2009-04-01,Adult,reoffenders,192042
new,annual,2010-04-01,Adult,reoffenders,191043
new,annual,2011-04-01,Adult,reoffenders,184386
new,annual,2012-04-01,Adult,reoffenders,168126
new,annual,2013-04-01,Adult,reoffenders,163962
new,annual,2002-04-01,Adult,cohort,589328
new,annual,2003-04-01,Adult,cohort,612213
new,annual,2004-04-01,Adult,cohort,581732
new,annual,2005-04-01,Adult,cohort,629220
new,annual,2006-04-01,Adult,cohort,653522
new,annual,2007-04-01,Adult,cohort,679954
new,annual,2008-04-01,Adult,cohort,675103
new,annual,2009-04-01,Adult,cohort,652924
new,annual,2010-04-01,Adult,cohort,636990
new,annual,2011-04-01,Adult,cohort,614268
new,annual,2012-04-01,Adult,cohort,564480
new,annual,2013-04-01,Adult,cohort,546541
new,annual,2002-04-01,Juvenile,binary,38.52486331
new,annual,2003-04-01,Juvenile,binary,39.01760121
new,annual,2004-04-01,Juvenile,binary,38.37124811
new,annual,2005-04-01,Juvenile,binary,38.27806219
new,annual,2006-04-01,Juvenile,binary,38.13146315
new,annual,2007-04-01,Juvenile,binary,37.06650068
new,annual,2008-04-01,Juvenile,binary,37.60479113
new,annual,2009-04-01,Juvenile,binary,38.22704128
new,annual,2010-04-01,Juvenile,binary,40.85462816
new,annual,2011-04-01,Juvenile,binary,40.41901636
new,annual,2012-04-01,Juvenile,binary,41.02923103
new,annual,2013-04-01,Juvenile,binary,42.90821496
new,annual,2002-04-01,Juvenile,frequency,3.680079452
new,annual,2003-04-01,Juvenile,frequency,3.528991227
new,annual,2004-04-01,Juvenile,frequency,3.355615441
new,annual,2005-04-01,Juvenile,frequency,3.222658515
new,annual,2006-04-01,Juvenile,frequency,3.159474078
new,annual,2007-04-01,Juvenile,frequency,3.054610491
new,annual,2008-04-01,Juvenile,frequency,3.045761286
new,annual,2009-04-01,Juvenile,frequency,3.093985971
new,annual,2010-04-01,Juvenile,frequency,3.177642
new,annual,2011-04-01,Juvenile,frequency,3.138376648
new,annual,2012-04-01,Juvenile,frequency,3.247137332
new,annual,2013-04-01,Juvenile,frequency,3.41093388
new,annual,2002-04-01,Juvenile,reoffences,229740
new,annual,2003-04-01,Juvenile,reoffences,232497
new,annual,2004-04-01,Juvenile,reoffences,230363
new,annual,2005-04-01,Juvenile,reoffences,244574
new,annual,2006-04-01,Juvenile,reoffences,249431
new,annual,2007-04-01,Juvenile,reoffences,223738
new,annual,2008-04-01,Juvenile,reoffences,191819
new,annual,2009-04-01,Juvenile,reoffences,161438
new,annual,2010-04-01,Juvenile,reoffences,140420
new,annual,2011-04-01,Juvenile,reoffences,109771
new,annual,2012-04-01,Juvenile,reoffences,85640
new,annual,2013-04-01,Juvenile,reoffences,76555
new,annual,2002-04-01,Juvenile,reoffenders,62428
new,annual,2003-04-01,Juvenile,reoffenders,65882
new,annual,2004-04-01,Juvenile,reoffenders,68650
new,annual,2005-04-01,Juvenile,reoffenders,75892
new,annual,2006-04-01,Juvenile,reoffenders,78947
new,annual,2007-04-01,Juvenile,reoffenders,73246
new,annual,2008-04-01,Juvenile,reoffenders,62979
new,annual,2009-04-01,Juvenile,reoffenders,52178
new,annual,2010-04-01,Juvenile,reoffenders,44190
new,annual,2011-04-01,Juvenile,reoffenders,34977
new,annual,2012-04-01,Juvenile,reoffenders,26374
new,annual,2013-04-01,Juvenile,reoffenders,22444
new,annual,2002-04-01,Juvenile,cohort,162046
new,annual,2003-04-01,Juvenile,cohort,168852
new,annual,2004-04-01,Juvenile,cohort,178910
new,annual,2005-04-01,Juvenile,cohort,198265
new,annual,2006-04-01,Juvenile,cohort,207039
new,annual,2007-04-01,Juvenile,cohort,197607
new,annual,2008-04-01,Juvenile,cohort,167476
new,annual,2009-04-01,Juvenile,cohort,136495
new,annual,2010-04-01,Juvenile,cohort,108164
new,annual,2011-04-01,Juvenile,cohort,86536
new,annual,2012-04-01,Juvenile,cohort,64281
new,annual,2013-04-01,Juvenile,cohort,52307
new,annual,2002-04-01,All,binary,33.74378139
new,annual,2003-04-01,All,binary,32.95257117
new,annual,2004-04-01,All,binary,31.78525509
new,annual,2005-04-01,All,binary,31.19295214
new,annual,2006-04-01,All,binary,30.96526568
new,annual,2007-04-01,All,binary,31.03898191
new,annual,2008-04-01,All,binary,31.56428062
new,annual,2009-04-01,All,binary,30.93667621
new,annual,2010-04-01,All,binary,31.56837379
new,annual,2011-04-01,All,binary,31.30161928
new,annual,2012-04-01,All,binary,30.93385245
new,annual,2013-04-01,All,binary,31.12743133
new,annual,2002-04-01,All,frequency,3.90228049
new,annual,2003-04-01,All,frequency,3.689203943
new,annual,2004-04-01,All,frequency,3.514579852
new,annual,2005-04-01,All,frequency,3.319792962
new,annual,2006-04-01,All,frequency,3.245711605
new,annual,2007-04-01,All,frequency,3.243746008
new,annual,2008-04-01,All,frequency,3.206734999
new,annual,2009-04-01,All,frequency,3.164658914
new,annual,2010-04-01,All,frequency,3.26544745
new,annual,2011-04-01,All,frequency,3.297028214
new,annual,2012-04-01,All,frequency,3.437028278
new,annual,2013-04-01,All,frequency,3.558179458
new,annual,2002-04-01,All,reoffences,989392
new,annual,2003-04-01,All,reoffences,949531
new,annual,2004-04-01,All,reoffences,849727
new,annual,2005-04-01,All,reoffences,856895
new,annual,2006-04-01,All,reoffences,864901
new,annual,2007-04-01,All,reoffences,883551
new,annual,2008-04-01,All,reoffences,852844
new,annual,2009-04-01,All,reoffences,772873
new,annual,2010-04-01,All,reoffences,768141
new,annual,2011-04-01,All,reoffences,723246
new,annual,2012-04-01,All,reoffences,668502
new,annual,2013-04-01,All,reoffences,663266
new,annual,2002-04-01,All,reoffenders,253542
new,annual,2003-04-01,All,reoffenders,257381
new,annual,2004-04-01,All,reoffenders,241772
new,annual,2005-04-01,All,reoffenders,258117
new,annual,2006-04-01,All,reoffenders,266475
new,annual,2007-04-01,All,reoffenders,272386
new,annual,2008-04-01,All,reoffenders,265954
new,annual,2009-04-01,All,reoffenders,244220
new,annual,2010-04-01,All,reoffenders,235233
new,annual,2011-04-01,All,reoffenders,219363
new,annual,2012-04-01,All,reoffenders,194500
new,annual,2013-04-01,All,reoffenders,186406
new,annual,2002-04-01,All,cohort,751374
new,annual,2003-04-01,All,cohort,781065
new,annual,2004-04-01,All,cohort,760642
new,annual,2005-04-01,All,cohort,827485
new,annual,2006-04-01,All,cohort,860561
new,annual,2007-04-01,All,cohort,877561
new,annual,2008-04-01,All,cohort,842579
new,annual,2009-04-01,All,cohort,789419
new,annual,2010-04-01,All,cohort,745154
new,annual,2011-04-01,All,cohort,700804
new,annual,2012-04-01,All,cohort,628761
new,annual,2013-04-01,All,cohort,598848
old,annual,2002-01-01,All,binary,28.9
old,annual,2003-01-01,All,binary,28.4
old,annual,2004-01-01,All,binary,27.3
old,annual,2005-01-01,All,binary,26.9
old,annual,2005-04-01,All,binary,26.7
old,annual,2006-04-01,All,binary,26.6
old,annual,2007-04-01,All,binary,26.5
old,annual,2008-04-01,All,binary,26.8
old,annual,2009-04-01,All,binary,26.2
old,annual,2010-04-01,All,binary,26.7
old,annual,2011-04-01,All,binary,26.5
old,annual,2012-04-01,All,binary,26.1
old,annual,2013-04-01,All,binary,26.2
old,annual,2002-01-01,All,frequency,3.5
old,annual,2003-01-01,All,frequency,3.4
old,annual,2004-01-01,All,frequency,3.2
old,annual,2005-01-01,All,frequency,3
old,annual,2005-04-01,All,frequency,3
old,annual,2006-04-01,All,frequency,2.9
old,annual,2007-04-01,All,frequency,2.9
old,annual,2008-04-01,All,frequency,2.9
old,annual,2009-04-01,All,frequency,2.8
old,annual,2010-04-01,All,frequency,2.9
old,annual,2011-04-01,All,frequency,2.9
old,annual,2012-04-01,All,frequency,3
old,annual,2013-04-01,All,frequency,3.1
old,annual,2002-01-01,All,reoffences,641321
old,annual,2003-01-01,All,reoffences,633331
old,annual,2004-01-01,All,reoffences,578362
old,annual,2005-01-01,All,reoffences,568415
old,annual,2005-04-01,All,reoffences,571240
old,annual,2006-04-01,All,reoffences,574181
old,annual,2007-04-01,All,reoffences,576211
old,annual,2008-04-01,All,reoffences,550487
old,annual,2009-04-01,All,reoffences,495131
old,annual,2010-04-01,All,reoffences,489061
old,annual,2011-04-01,All,reoffences,457543
old,annual,2012-04-01,All,reoffences,421050
old,annual,2013-04-01,All,reoffences,417789
old,annual,2002-01-01,All,reoffenders,182485
old,annual,2003-01-01,All,reoffenders,187342
old,annual,2004-01-01,All,reoffenders,180057
old,annual,2005-01-01,All,reoffenders,186675
old,annual,2005-04-01,All,reoffenders,190306
old,annual,2006-04-01,All,reoffenders,196849
old,annual,2007-04-01,All,reoffenders,199163
old,annual,2008-04-01,All,reoffenders,192313
old,annual,2009-04-01,All,reoffenders,176863
old,annual,2010-04-01,All,reoffenders,169626
old,annual,2011-04-01,All,reoffenders,157392
old,annual,2012-04-01,All,reoffenders,140092
old,annual,2013-04-01,All,reoffenders,133947
old,annual,2002-01-01,All,cohort,632065
old,annual,2003-01-01,All,cohort,659039
old,annual,2004-01-01,All,cohort,660172
old,annual,2005-01-01,All,cohort,693284
old,annual,2005-04-01,All,cohort,711863
old,annual,2006-04-01,All,cohort,740970
old,annual,2007-04-01,All,cohort,751796
old,annual,2008-04-01,All,cohort,717380
old,annual,2009-04-01,All,cohort,674122
old,annual,2010-04-01,All,cohort,634214
old,annual,2011-04-01,All,cohort,594636
old,annual,2012-04-01,All,cohort,537611
old,annual,2013-04-01,All,cohort,510433
old,annual,2002-01-01,Adult,binary,27.6
old,annual,2003-01-01,Adult,binary,26.9
old,annual,2004-01-01,Adult,binary,25.4
old,annual,2005-01-01,Adult,binary,24.6
old,annual,2005-04-01,Adult,binary,24.9
old,annual,2006-04-01,Adult,binary,24.4
old,annual,2007-04-01,Adult,binary,24.8
old,annual,2008-04-01,Adult,binary,25.4
old,annual,2009-04-01,Adult,binary,24.8
old,annual,2010-04-01,Adult,binary,25.3
old,annual,2011-04-01,Adult,binary,25.3
old,annual,2012-04-01,Adult,binary,25
old,annual,2013-04-01,Adult,binary,25.2
old,annual,2002-01-01,Adult,frequency,3.6
old,annual,2003-01-01,Adult,frequency,3.4
old,annual,2004-01-01,Adult,frequency,3.3
old,annual,2005-01-01,Adult,frequency,3
old,annual,2005-04-01,Adult,frequency,3.1
old,annual,2006-04-01,Adult,frequency,2.9
old,annual,2007-04-01,Adult,frequency,2.9
old,annual,2008-04-01,Adult,frequency,2.9
old,annual,2009-04-01,Adult,frequency,2.8
old,annual,2010-04-01,Adult,frequency,2.9
old,annual,2011-04-01,Adult,frequency,2.9
old,annual,2012-04-01,Adult,frequency,3
old,annual,2013-04-01,Adult,frequency,3.1
old,annual,2002-01-01,Adult,reoffences,491373
old,annual,2003-01-01,Adult,reoffences,481879
old,annual,2004-01-01,Adult,reoffences,424808
old,annual,2005-01-01,Adult,reoffences,409671
old,annual,2005-04-01,Adult,reoffences,408567
old,annual,2006-04-01,Adult,reoffences,408225
old,annual,2007-04-01,Adult,reoffences,428607
old,annual,2008-04-01,Adult,reoffences,424132
old,annual,2009-04-01,Adult,reoffences,389861
old,annual,2010-04-01,Adult,reoffences,398127
old,annual,2011-04-01,Adult,reoffences,385396
old,annual,2012-04-01,Adult,reoffences,364271
old,annual,2013-04-01,Adult,reoffences,367605
old,annual,2002-01-01,Adult,reoffenders,136943
old,annual,2003-01-01,Adult,reoffenders,139936
old,annual,2004-01-01,Adult,reoffenders,129808
old,annual,2005-01-01,Adult,reoffenders,134436
old,annual,2005-04-01,Adult,reoffenders,131730
old,annual,2006-04-01,Adult,reoffenders,138574
old,annual,2007-04-01,Adult,reoffenders,145605
old,annual,2008-04-01,Adult,reoffenders,146457
old,annual,2009-04-01,Adult,reoffenders,139077
old,annual,2010-04-01,Adult,reoffenders,137991
old,annual,2011-04-01,Adult,reoffenders,132383
old,annual,2012-04-01,Adult,reoffenders,121094
old,annual,2013-04-01,Adult,reoffenders,117864
old,annual,2002-01-01,Adult,cohort,495664
old,annual,2003-01-01,Adult,cohort,520660
old,annual,2004-01-01,Adult,cohort,510720
old,annual,2005-01-01,Adult,cohort,545392
old,annual,2005-04-01,Adult,cohort,529739
old,annual,2006-04-01,Adult,cohort,567382
old,annual,2007-04-01,Adult,cohort,586617
old,annual,2008-04-01,Adult,cohort,577648
old,annual,2009-04-01,Adult,cohort,560538
old,annual,2010-04-01,Adult,cohort,545857
old,annual,2011-04-01,Adult,cohort,524132
old,annual,2012-04-01,Adult,cohort,484963
old,annual,2013-04-01,Adult,cohort,468134
old,annual,2002-01-01,Juvenile,binary,33.4
old,annual,2003-01-01,Juvenile,binary,34.3
old,annual,2004-01-01,Juvenile,binary,33.6
old,annual,2005-01-01,Juvenile,binary,33.6
old,annual,2005-04-01,Juvenile,binary,33.6
old,annual,2006-04-01,Juvenile,binary,33.6
old,annual,2007-04-01,Juvenile,binary,32.4
old,annual,2008-04-01,Juvenile,binary,32.8
old,annual,2009-04-01,Juvenile,binary,33.3
old,annual,2010-04-01,Juvenile,binary,35.8
old,annual,2011-04-01,Juvenile,binary,35.5
old,annual,2012-04-01,Juvenile,binary,36.1
old,annual,2013-04-01,Juvenile,binary,38
old,annual,2002-01-01,Juvenile,frequency,3.3
old,annual,2003-01-01,Juvenile,frequency,3.2
old,annual,2004-01-01,Juvenile,frequency,3.1
old,annual,2005-01-01,Juvenile,frequency,2.9
old,annual,2005-04-01,Juvenile,frequency,2.9
old,annual,2006-04-01,Juvenile,frequency,2.8
old,annual,2007-04-01,Juvenile,frequency,2.8
old,annual,2008-04-01,Juvenile,frequency,2.8
old,annual,2009-04-01,Juvenile,frequency,2.8
old,annual,2010-04-01,Juvenile,frequency,2.9
old,annual,2011-04-01,Juvenile,frequency,2.9
old,annual,2012-04-01,Juvenile,frequency,3
old,annual,2013-04-01,Juvenile,frequency,3.1
old,annual,2002-01-01,Juvenile,reoffences,149948
old,annual,2003-01-01,Juvenile,reoffences,151452
old,annual,2004-01-01,Juvenile,reoffences,153554
old,annual,2005-01-01,Juvenile,reoffences,161569
old,annual,2005-04-01,Juvenile,reoffences,159848
old,annual,2006-04-01,Juvenile,reoffences,165956
old,annual,2007-04-01,Juvenile,reoffences,147604
old,annual,2008-04-01,Juvenile,reoffences,126355
old,annual,2009-04-01,Juvenile,reoffences,105270
old,annual,2010-04-01,Juvenile,reoffences,90934
old,annual,2011-04-01,Juvenile,reoffences,72147
old,annual,2012-04-01,Juvenile,reoffences,56779
old,annual,2013-04-01,Juvenile,reoffences,50184
old,annual,2002-01-01,Juvenile,reoffenders,45542
old,annual,2003-01-01,Juvenile,reoffenders,47406
old,annual,2004-01-01,Juvenile,reoffenders,50249
old,annual,2005-01-01,Juvenile,reoffenders,55870
old,annual,2005-04-01,Juvenile,reoffenders,54945
old,annual,2006-04-01,Juvenile,reoffenders,58275
old,annual,2007-04-01,Juvenile,reoffenders,53558
old,annual,2008-04-01,Juvenile,reoffenders,45856
old,annual,2009-04-01,Juvenile,reoffenders,37786
old,annual,2010-04-01,Juvenile,reoffenders,31635
old,annual,2011-04-01,Juvenile,reoffenders,25009
old,annual,2012-04-01,Juvenile,reoffenders,18998
old,annual,2013-04-01,Juvenile,reoffenders,16083
old,annual,2002-01-01,Juvenile,cohort,136401
old,annual,2003-01-01,Juvenile,cohort,138379
old,annual,2004-01-01,Juvenile,cohort,149452
old,annual,2005-01-01,Juvenile,cohort,166471
old,annual,2005-04-01,Juvenile,cohort,163545
old,annual,2006-04-01,Juvenile,cohort,173588
old,annual,2007-04-01,Juvenile,cohort,165179
old,annual,2008-04-01,Juvenile,cohort,139732
old,annual,2009-04-01,Juvenile,cohort,113584
old,annual,2010-04-01,Juvenile,cohort,88357
old,annual,2011-04-01,Juvenile,cohort,70504
old,annual,2012-04-01,Juvenile,cohort,52648
old,annual,2013-04-01,Juvenile,cohort,42299